Timestamp,Elapsed_Sec,SimProfile,Protocol,Bitrate_kbps,Resolution,Latency_ms,Throughput_Mbps,Buffer_Sec,Stalls,Buffering_Time,Dropped_Frames,Decoded_Frames,Corrupted_Frames,Manifest_Time,License_Time,Estimated_BW_bps
2026-06-17T12:26:43,1.76,WIFI,H3,64234.4,1080p,14.661407242958008,71.372,3.01,0,0.0,0,286,0,93.3,30.4,71371550.0
2026-06-17T12:26:43,3.41,WIFI,H3,64776.5,1080p,14.106007570769874,71.974,4.12,0,0.0,0,298,0,223.5,57.9,71973928.0
2026-06-17T12:26:43,6.22,WIFI,H3,70879.5,1080p,19.901352189967717,78.755,2.93,0,0.0,0,316,0,217.2,37.0,78755037.0
2026-06-17T12:26:43,9.03,WIFI,H3,73014.9,1080p,19.645253889334697,81.128,5.0,0,0.0,0,302,0,310.4,42.3,81127648.0
2026-06-17T12:26:43,10.62,WIFI,H3,80072.9,1080p,11.412285540027758,88.97,3.65,0,0.0,0,289,0,64.8,60.4,88969861.0
2026-06-17T12:26:43,13.17,WIFI,H3,64942.6,1080p,16.959410869885506,72.158,5.24,0,0.0,0,311,0,344.5,79.3,72158481.0
2026-06-17T12:26:43,15.75,WIFI,H3,87261.2,1080p,18.55730785894613,96.957,6.57,0,0.0,0,314,0,151.6,45.5,96956853.0
2026-06-17T12:26:43,17.44,WIFI,H3,62716.0,1080p,15.213260519216844,69.684,5.23,0,0.0,0,306,0,174.9,67.0,69684486.0
2026-06-17T12:26:43,19.85,WIFI,H3,68772.5,1080p,19.400470991856643,76.414,5.29,0,0.0,0,298,0,204.9,67.8,76413838.0
2026-06-17T12:26:43,22.8,WIFI,H3,62566.7,1080p,14.941660685736975,69.519,4.93,0,0.0,0,295,0,135.4,50.5,69518519.0
2026-06-17T12:26:43,24.44,WIFI,H3,74163.5,1080p,15.194406301838473,82.404,2.66,0,0.0,0,299,0,320.2,70.5,82403920.0
2026-06-17T12:26:43,26.04,WIFI,H3,81767.1,1080p,15.90366225019111,90.852,4.81,0,0.0,0,318,0,236.1,44.3,90852331.0
2026-06-17T12:26:43,28.49,WIFI,H3,66769.8,1080p,14.359624012221754,74.189,4.33,0,0.0,0,285,0,205.0,31.5,74188692.0
2026-06-17T12:26:43,30.83,WIFI,H3,51955.1,1080p,12.737507524805537,57.728,4.83,0,0.0,0,288,0,197.4,10.1,57727893.0
2026-06-17T12:26:43,32.94,5G,H3,141221.1,1080p,7.5999091158770335,156.912,5.29,0,0.0,0,312,0,108.6,79.8,156912373.0
2026-06-17T12:26:43,34.46,5G,H3,145594.8,1080p,14.14856228196172,161.772,6.57,0,0.0,0,311,0,216.4,25.2,161771946.0
2026-06-17T12:26:43,36.69,5G,H3,124740.3,1080p,13.111573103092757,138.6,4.19,0,0.0,0,308,0,192.2,31.0,138600350.0
2026-06-17T12:26:43,39.42,5G,H3,117524.6,1080p,9.054013244866507,130.583,4.27,0,0.0,0,309,0,145.2,16.5,130582912.0
2026-06-17T12:26:43,41.12,5G,H3,151295.9,1080p,7.736243786072791,168.107,4.58,0,0.0,0,307,0,306.8,58.2,168106528.0
2026-06-17T12:26:43,42.81,5G,H3,155820.3,1080p,14.40361396311904,173.134,4.05,0,0.0,0,292,0,311.9,53.0,173133624.0
2026-06-17T12:26:43,44.48,5G,H3,151003.1,1080p,8.072531668044974,167.781,5.3,0,0.0,0,299,0,140.5,18.6,167781269.0
2026-06-17T12:26:43,47.27,5G,H3,144348.5,1080p,5.703900734732542,160.387,3.93,0,0.0,0,302,0,185.1,69.6,160387179.0
2026-06-17T12:26:43,49.13,5G,H3,160903.5,1080p,8.609005522338311,178.782,5.11,0,0.0,0,295,0,98.4,11.7,178781680.0
2026-06-17T12:26:43,51.01,5G,H3,149297.6,1080p,11.271286883688465,165.886,5.96,0,0.0,0,307,0,145.7,34.9,165886251.0
2026-06-17T12:26:43,53.34,5G,H3,140358.6,1080p,9.83232457410221,155.954,6.73,0,0.0,0,316,0,212.8,74.1,155953959.0
2026-06-17T12:26:43,55.7,5G,H3,120973.5,1080p,7.403911905106222,134.415,6.38,0,0.0,0,299,0,313.6,53.2,134415031.0
2026-06-17T12:26:43,58.54,5G,H3,140937.9,1080p,5.946945250505968,156.598,5.9,0,0.0,0,284,0,275.2,74.3,156597706.0
2026-06-17T12:26:43,60.76,5G,H3,156821.8,1080p,13.304312119028612,174.246,7.15,0,0.0,0,280,0,122.4,68.0,174246443.0
2026-06-17T12:26:43,62.35,5G,H3,135138.5,1080p,14.251997368064727,150.154,5.54,0,0.0,0,287,0,231.2,20.5,150153874.0
2026-06-17T12:26:43,64.65,4G,H3,13816.2,1080p,36.57175065443741,15.351,5.52,0,0.0,0,295,0,114.3,31.2,15351304.0
2026-06-17T12:26:43,66.77,4G,H3,15048.6,1080p,35.15594953469551,16.721,4.32,0,0.0,0,313,0,347.0,77.8,16720640.0
2026-06-17T12:26:43,68.97,4G,H3,14974.9,1080p,35.68784974583386,16.639,4.36,0,0.0,0,295,0,299.3,60.8,16638762.0
2026-06-17T12:26:43,71.44,4G,H3,15920.3,1080p,44.413916495575336,17.689,5.3,0,0.0,0,309,0,331.9,69.7,17689198.0
2026-06-17T12:26:43,73.94,4G,H3,11819.9,1080p,39.75579170842367,13.133,4.64,0,0.0,0,301,0,120.5,52.9,13133270.0
2026-06-17T12:26:43,76.22,4G,H3,15571.4,1080p,35.57819215092294,17.302,4.91,0,0.0,0,285,0,142.5,35.9,17301523.0
2026-06-17T12:26:43,79.15,4G,H3,14434.0,1080p,39.29556347605855,16.038,3.38,0,0.0,0,309,0,93.2,75.8,16037786.0
2026-06-17T12:26:43,81.89,4G,H3,10990.1,1080p,43.28117685445189,12.211,4.56,0,0.0,0,290,0,186.3,22.8,12211233.0
2026-06-17T12:26:43,84.75,4G,H3,14536.9,1080p,42.87508695094718,16.152,3.4,0,0.0,0,298,0,112.9,35.6,16152089.0
2026-06-17T12:26:43,87.22,4G,H3,15504.6,1080p,36.02914495973113,17.227,5.86,0,0.0,0,288,0,121.3,45.3,17227319.0
2026-06-17T12:26:43,89.46,4G,H3,12843.0,1080p,38.474779019784535,14.27,3.41,0,0.0,0,315,0,110.4,58.7,14270026.0
2026-06-17T12:26:43,92.22,4G,H3,16841.7,1080p,43.43733831091811,18.713,6.06,0,0.0,0,295,0,229.8,19.1,18712996.0
2026-06-17T12:26:43,94.07,4G,H3,13821.5,1080p,41.051848342040614,15.357,2.69,0,0.0,0,286,0,92.5,54.5,15357265.0
2026-06-17T12:26:43,96.52,4G,H3,15651.1,1080p,40.07749978797963,17.39,4.0,0,0.0,0,293,0,64.8,65.2,17390075.0
2026-06-17T12:26:43,98.19,4G,H3,17287.4,1080p,41.86951280530815,19.208,2.8,0,0.0,0,289,0,247.7,28.3,19208184.0
2026-06-17T12:26:43,99.91,3G,H3,1689.4,480p,98.183585673386,1.877,3.32,0,0.0,0,287,0,249.1,25.1,1877153.0
2026-06-17T12:26:43,102.81,3G,H3,1642.7,480p,97.8965058088148,1.825,4.22,0,0.0,0,318,0,344.6,58.1,1825276.0
2026-06-17T12:26:43,104.98,3G,H3,1402.1,480p,100.75435108708452,1.558,2.78,0,0.0,0,311,0,252.0,44.4,1557874.0
2026-06-17T12:26:43,107.28,3G,H3,1469.2,480p,98.85411496863554,1.632,1.46,0,0.0,0,314,0,62.6,25.3,1632463.0
2026-06-17T12:26:43,110.05,3G,H3,1055.2,480p,104.7882441142099,1.172,3.23,0,0.0,0,318,0,347.4,63.6,1172411.0
2026-06-17T12:26:43,112.24,3G,H3,1423.3,480p,97.5295648363811,1.581,2.98,0,0.0,0,286,0,268.7,76.7,1581480.0
2026-06-17T12:26:43,114.12,3G,H3,1496.4,480p,96.84272289108358,1.663,2.37,0,0.0,0,297,0,96.5,51.5,1662655.0
2026-06-17T12:26:43,116.2,3G,H3,1613.1,480p,103.11082654781156,1.792,4.43,0,0.0,0,315,0,158.1,27.3,1792336.0
2026-06-17T12:26:43,118.84,3G,H3,1436.2,480p,96.35072841150699,1.596,3.62,0,0.0,0,304,0,293.4,12.1,1595828.0
2026-06-17T12:26:43,121.2,3G,H3,1462.4,480p,100.65817437537913,1.625,2.6,0,0.0,0,285,0,207.0,25.5,1624885.0
2026-06-17T12:26:43,123.99,3G,H3,1299.8,480p,101.82741670281588,1.444,2.03,0,0.0,0,290,0,147.9,39.5,1444168.0
2026-06-17T12:26:43,125.5,3G,H3,1601.0,480p,95.22426364950108,1.779,4.43,0,0.0,0,298,0,313.6,31.5,1778936.0
2026-06-17T12:26:43,127.81,LTE,H3,33528.2,1080p,22.21155370910233,37.254,2.68,0,0.0,0,295,0,268.9,17.8,37253559.0
2026-06-17T12:26:43,130.45,LTE,H3,31765.6,1080p,23.567754873236616,35.295,5.45,0,0.0,0,310,0,300.0,70.3,35295116.0
2026-06-17T12:26:43,133.35,LTE,H3,38929.7,1080p,22.132800917727735,43.255,4.11,0,0.0,0,320,0,220.8,45.2,43255206.0
2026-06-17T12:26:43,135.14,LTE,H3,37729.4,1080p,23.542244491230548,41.922,3.11,0,0.0,0,311,0,75.1,33.1,41921576.0
2026-06-17T12:26:43,137.75,LTE,H3,31702.2,1080p,21.995205975139246,35.225,4.11,0,0.0,0,282,0,174.4,32.6,35224696.0
2026-06-17T12:26:43,139.46,LTE,H3,37971.7,1080p,15.615047291877897,42.191,2.76,0,0.0,0,301,0,333.8,56.3,42190780.0
2026-06-17T12:26:43,141.17,LTE,H3,35992.4,1080p,18.545714931788254,39.992,4.32,0,0.0,0,296,0,231.6,24.0,39991521.0
2026-06-17T12:26:43,143.78,LTE,H3,37652.5,1080p,19.76335439949123,41.836,6.54,0,0.0,0,315,0,177.1,38.9,41836080.0
2026-06-17T12:26:43,145.84,LTE,H3,37017.8,1080p,22.31842876056887,41.131,4.42,0,0.0,0,317,0,141.2,41.7,41130835.0
2026-06-17T12:26:43,147.69,LTE,H3,35405.1,1080p,20.125300816843602,39.339,4.32,0,0.0,0,313,0,191.3,24.2,39339025.0
2026-06-17T12:26:43,150.11,LTE,H3,30876.6,1080p,18.133254761865203,34.307,5.21,0,0.0,0,285,0,218.3,13.1,34307375.0
2026-06-17T12:26:43,152.98,LTE,H3,28666.5,1080p,17.004427567748667,31.852,4.99,0,0.0,0,297,0,113.0,39.7,31851627.0
2026-06-17T12:26:43,155.25,LTE,H3,45244.7,1080p,17.877259488935543,50.272,4.93,0,0.0,0,280,0,177.7,33.0,50271905.0
2026-06-17T12:26:43,157.95,LTE,H3,32267.6,1080p,16.179659235900186,35.853,6.53,0,0.0,0,307,0,58.5,45.1,35852883.0
2026-06-17T12:26:43,160.76,LTE,H3,40971.7,1080p,22.99097373513592,45.524,4.43,0,0.0,0,284,0,77.1,32.6,45524113.0
2026-06-17T12:26:43,163.1,2G,H3,90.0,480p,504.93585348147644,0.1,0.0,1,0.027,7,299,0,174.6,11.8,100000.0
2026-06-17T12:26:43,165.0,2G,H3,90.0,480p,495.16344628942863,0.1,0.0,2,0.094,3,319,0,219.9,18.8,100000.0
2026-06-17T12:26:43,167.6,2G,H3,105.0,480p,504.6363509422369,0.117,0.0,3,0.158,0,299,0,112.3,69.6,116616.0
2026-06-17T12:26:43,169.6,2G,H3,90.0,480p,499.16359991584847,0.1,0.0,3,0.158,6,317,0,280.8,61.2,100000.0
2026-06-17T12:26:43,171.53,2G,H3,94.2,480p,497.430265639925,0.105,0.0,4,0.397,2,315,0,134.6,38.5,104669.0
2026-06-17T12:26:43,174.3,2G,H3,92.0,480p,498.42463974409384,0.102,0.0,4,0.397,4,317,0,71.2,62.8,102219.0
2026-06-17T12:26:43,176.61,2G,H3,90.5,480p,498.826271843488,0.101,0.0,5,0.699,7,310,0,112.7,51.3,100547.0
2026-06-17T12:26:43,178.12,2G,H3,110.9,480p,503.69022433314296,0.123,0.0,5,0.699,6,298,0,158.4,57.5,123194.0
2026-06-17T12:26:43,179.75,2G,H3,94.7,480p,503.8140959990274,0.105,0.0,5,0.699,7,294,0,347.7,45.6,105201.0
2026-06-17T12:26:43,182.05,2G,H3,100.5,480p,504.24477384306044,0.112,0.0,5,0.699,1,286,0,64.3,40.7,111667.0
2026-06-17T12:26:43,184.7,2G,H3,90.0,480p,502.6838881492751,0.1,0.0,5,0.699,3,301,0,185.7,60.4,100000.0
2026-06-17T12:26:43,187.51,2G,H3,112.2,480p,496.2926593440376,0.125,0.0,5,0.699,6,312,0,106.1,61.4,124678.0
2026-06-17T12:26:43,189.02,2G,H3,90.0,480p,504.89267087393773,0.1,0.0,5,0.699,4,294,0,102.6,10.0,100000.0
